{"tl":[1.6634713411331177,4.247791188103812],"ct":[2.380095052719116,4.0647755781809485],"tr":[2.612161139647166,3.434250005086263],"cr":[2.2385000069936116,4.8708207368850704],"br":[2.839032287950869,4.605226331286961],"cb":[1.609520298463327,4.80825189307884],"bl":[2.6656638539355733,4.461900234222412],"cl":[2.4001049242521586,4.7708185346503],"wmid":1.9948076755912214,"lhmid":4.7708185346503,"rhmid":4.8708207368850704}