{
    "tl": [
        0.7088747365134103,
        3.787459066935948
    ],
    "ct": [
        2.381282273091768,
        2.1989860346442773
    ],
    "tr": [
        4.388683331640143,
        3.5920258948677466
    ],
    "cr": [
        4.225389713990061,
        5.119882106781006
    ],
    "br": [
        4.008683331640143,
        6.832734660098427
    ],
    "cb": [
        2.344916920912893,
        5.78085153981259
    ],
    "bl": [
        1.54818898753116,
        4.248933039213481
    ],
    "cl": [
        1.2149738449799388,
        5.497571618933427
    ],
    "wmid": 2.3630995970023303,
    "lhmid": 5.497571618933427,
    "rhmid": 5.119882106781006
}